{
    "2014q1": 0.92,
    "2014q2": 0.5,
    "2014q3": 0.69,
    "2014q4": 3.21,
    "2015q1": 2.1,
    "2015q2": 2.5300000000000002,
    "2015q3": 1.3399999999999999,
    "2015q4": 1.6349999999999998,
    "2016q1": 1.95,
    "2016q2": 1.86,
    "2016q3": 1.79,
    "2016q4": 1.6
}